,distributor,distributor2
0,Walt Disney Studios Motion Pictures,Lionsgate
1,Lionsgate,Sony Pictures
2,Warner Bros.,Universal Pictures
3,Universal Pictures,Screen Media Films
4,STX Entertainment,Amazon
5,Sony Pictures Releasing,Well Go USA
6,Screen Gems,Paramount Pictures
7,Paramount Pictures,Cinedigm
8,Bleecker Street Media,Warner Bros Pictures
9,Amazon Studios,Walt Disney Pictures
10,Indican Pictures,20th Century Fox
11,Kino Lorber,Vertical Entertainment
12,PackYourBag Films,RLJ Entertainment
13,Citadel Film Group,Independent
14,Fathom Events,Netflix
15,CMC Pictures Holdings,MGM
16,CMC Pictures,A24
17,Strand Releasing,The Orchard
18,China Lion Film Distribution,Altitude
19,The Samuel Goldwyn Company,United Artists
20,Dada Films,StudioCanal
21,Greenwich Entertainment,Columbia Pictures
22,Rialto Pictures,STX Entertainment
23,Metrograph Pictures,HBO Films
24,CJ Entertainment,Blue Fox Entertainment
25,Janus Films,Fox Searchlight
26,Gravitas Ventures,CBS Films
27,Grasshopper Film,IFC Films
28,Barn Owl Pictures,Roadside Attractions
29,GKIDS,NEON
30,Film Movement,Focus Features
31,Aspiration Entertainment,The Film Arcade
32,Blue Fox Entertainment,Saban Films
33,First Run,Annapurna Pictures
34,Icarus Films,Gravitas Ventures
35,The Cinema Guild,Sony Pictures Classics
36,IFC Films,DreamWorks Animation
37,Driving With Our Eyes Shut,The Weinstein Company
38,The Film Arcade,Samuel Goldwyn Films
39,GathrFilms,Dark Sky Films
40,Magnolia Pictures,Bleecker Street
41,Viva Pictures Distribution,Momentum Pictures
42,Entertainment One,Marvel Studios
43,Distrib Films,E1 Entertainment
44,Reel One Entertainment,Blumhouse Pictures
45,Independent,FilmRise
46,Cinedigm Entertainment Group,Alchemy
47,Well Go USA Entertainment,Disney Pixar
48,CFI Releasing,Europacorp
49,Newcity,Epic Pictures Group
50,AMBI Distribution,Oscilloscope Pictures
51,Vertical Entertainment,Dualist
52,Synergetic Distribution,Apple TV
53,Twentieth Century Fox,Hulu
54,Abramorama,Pathe
55,Fun Academy Motion Pictures,Shout Factory
56,Oscilloscope,Screen Gems
57,Ammo Content,Magnolia Pictures
58,ArtMattan Productions,Zeitgeist Films
59,GVN Releasing,Freestyle Releasing
60,Hannover House,Kino Lorber
61,The Orchard,Orion Pictures
62,Parade Deck Films,Amazon Studios
63,Central Square Films,Greenwich Films Releasing
64,Cinema Libre Studio,Well Go Usa
65,Sony Pictures Classics,Icon Entertainment International
66,Paladin,Sony Pictures Animation
67,Roadside Attractions,New Line Cinema
68,Great Point Media,Aviron Pictures
69,BloodSweatHoney,Filmbuff
70,Cleopatra Films,Neon
71,PBS Distribution,Showtime
72,Arrow Films,West End Films
73,Music Box Films,Breaking Glass Pictures
74,Fine Line Media,Wild Eye Releasing
75,Epic Pictures Group,Darkstar Pictures
76,Carpe Stella,Vice
77,Zipporah Films,SP Releasing
78,Cohen Media Group,Music Box Films
79,Mainstreet Productions,PBS Films
80,FilmRise,GKids
81,IronFlix,MarVista Entertainment
82,Carusel,Open Road Films
83,Mr. Pictures,Madman
84,in8 Releasing,IFC Midnight
85,Focus Features,Reliance Entertainment
86,Menemsha Films,Vision Films
87,A24,Vertigo Films
88,SingularDTV,Vega Baby
89,Eleven Arts,Wolfe Releasing
90,Tripod Media,Doppelganger Releasing
91,Cartilage Films,Yash Raj Films
92,In the Family,Archstone Distribution
93,TriCoast Worldwide,Regatta Films
94,Orion Pictures,Artificial Eye
95,El Tigre,TriStar Pictures
96,Super,Pixar Disney
97,IMAX,Syfy
98,Shout! Factory,Disneynature
99,Zeitgeist Films,Sundance Selects
100,Idle Wild Films,Millennium Films
101,Atlas Distribution Company,Strand Releasing
102,Screen Media Films,Hannover House
103,Pure Flix Entertainment,LD Entertainment
104,Broad Green Pictures,Cohen Media Group
105,Under The Milky Way,Castle Rock Entertainment
106,The Ashton Times,Miramax
107,Dimension Films,Miramax Films
108,The Film Collaborative,First Run Features
109,Freestyle Releasing,Crackle
110,Zealous Productions,Paladin
111,Elevation Pictures,Xlrator Media
112,Swen Releasing,Filmax
113,Vanish Films,Voltage Pictures
114,Vitagraph Films,Pure Flix
115,Artsploitation Films,Gkids
116,Uncork'd Entertainment,Artisan Entertainment
117,Art of Sport,Rialto Pictures
118,Eros International,ITN Distribution
119,FilmBuff,Relativity Media
120,Big World Pictures,CMB Entertainment
121,eOne Entertainment,Electric Entertainment
122,Sumbadhat Productions,Summit Entertainment
123,Lightyear Entertainment,Arrow Films
124,Passion River,Ariztical Entertainment
125,Monterey Media,DC Entertainment
126,Smarthouse Creative / Distribber,Lifetime
127,Hey Jude Productions,Echo Bridge
128,Hibernation Films,Picturehouse
129,Illumine Films,Level 33 Entertainment
130,Argot Pictures,Broad Green Pictures
131,KimStim,Soda Pictures
132,Factory 25,ThinkFilm
133,Outsider Films,Film Movement
134,Neon,Brainstorm Media
135,EuropaCorp,Janus Films
136,Saban Films,Chiller Films
137,Breakthrough Entertainment Inc.,BBC
138,Paramount Classics,Pathe Pictures
139,Medallion Releasing,Apple Music
140,Archstone Distribution,EuropaCorp
141,Home Box Office (HBO),Dimension Films
142,"Darin Southam Endeavor, Inc.",Canal
143,Giant Steps Productions,National Geographic
144,Global Digital Releasing,Midnight Releasing
145,Monument Releasing,Sathya Jyothi Films
146,Entertainment Studios Motion Pictures,CJ Entertainment
147,Bond/360,Monument Releasing
148,Stimulus Pictures,Octane Pictures
149,Amor Media,XLrator Media
150,Five & Two Pictures,Mongrel
151,MUBI,Fox Star Studios
152,4th Row Films,Neon Pictures
153,Balcony Releasing,SyFy
154,Doppelganger Releasing,Cinema Guild
155,1091 Media,Roadshow Films
156,Annapurna Pictures,Touchstone Pictures
157,Conglomerate Media,Tristar Pictures
158,Aviron Pictures,Monterey Media
159,Yellow Veil Pictures,Arrowstorm Entertainment
160,Kino International,FilmBuff
161,Joma Films,FilmNation
162,CanZion Films,Pixar
163,Matson Films,A71 Entertainment
164,Tulip Pictures,Indican Pictures
165,Good Deed Entertainment,Magnet Releasing
166,Excel Entertainment,RKO Radio Pictures
167,Nocturnal Features,Toho
168,InYo Entertainment,Tribeca Film
169,Grindstone Entertainment,Dreamworks Animation
170,Eammon Films,Icarus Films
171,Atlantic Records,National Broadcasting Company
172,FUNimation Entertainment,SGL Entertainment
173,Altered Innocence,Unknown or Not Available
174,National Geographic Entertainment,Metrodome Distribution
175,Comedy Dynamics,Spike
176,"Hammond Entertainment, LLC",Tribeca
177,Utopia,Pantelion Films
178,Lucid Dreaming Inc.,Youtube
179,Yash Raj Films,Fathom Studios
180,Lurker Films,Mars Films
181,Variance Films,The Match Factory
182,Gaumont British Picture Corporation,Newmarket Films
183,Verizon Media/RYOT,Lorber Films
184,Round Hill Media,Wild Bunch
185,Fox Searchlight Pictures,Film Factory
186,Crimson Forest,DreamWorks Pictures
187,Submarine Deluxe,Shudder
188,Sarkasmos Productions LLC,BBC Films
189,Gunpowder & Sky,Optimum Releasing
190,BBC Worldwide North America,Walden Media
191,FIP,Focus World
192,Open Road Films (II),Hannibal Pictures
193,Trafalgar Releasing,Millenniun Films
194,ArtAffects Entertainment,Dreamworks Pictures
195,Hyper Film,Rogue Pictures
196,Purdie Distribution,Sony Pictures classics
197,"Collective Eye, Inc.",IMAX
198,Society Films,Drafthouse Films
199,The Weinstein Company,Vanish Films
200,Smith Global Media,Phase 4 Films
201,ABKCO Films,Anchor Bay
202,Spanglish Movies,Starz
203,RLJE Films,Cinema Libre Studios
204,Capelight Pictures,Pixar Animation
205,CineLife Entertainment,Scream Factory
206,Sumerian Films,Bill Plympton Studios
207,Pinnacle Peak,Bond360
208,Santa Rita Film Co,Visit Films
209,Emphatic Cinema/Levey,Menemsha Films
210,CBS Films,Touchstone PIctures
211,Reliance Big Pictures,Krian Media
212,BritBox,Yari Film Group
213,Urban Movie Channel,Nordisk Film
214,Great India Films,Footage Films
215,Pantelion Films,Array
216,Electric Entertainment,Amplify
217,Shorts International,International Film Circuit
218,Focus World,a24
219,Quality Flix,Myriad Pictures
220,Briarcliff Entertainment,ContentFilm International
221,Global Road Entertainment,Viva Pictures
222,LD Entertainment,Virgil Entertainment
223,Ledafilms Entertainment Group,Radius TWC
224,UTV Motion Pictures,Image Entertainment
225,BH Tilt,Magna Theatre Corporation
226,Mirror/LD Entertainment,After Dark Films
227,Reliance Entertainment,New Films International
228,Reliance Films,Garden Thieves Pictures
229,Screenvision,Voltage
230,TriStar Pictures,TLA Releasing
231,Lucky Hat Entertainment,ARC Entertainment
232,Affirm Films,Fork Films
233,Metro-Goldwyn-Mayer (MGM),Pulse Films
234,Ciesla Foundation,Vimeo
235,Faith Media Distribution,Radius-TWC
236,Studio 8,Hollywood Pictures
237,River Rain Productions,Participant Media
238,Forrest Films,GKIDS
239,Cactus Blue Entertainment,Main Street Films
240,The H Collective,Arc Entertainment
241,Zee TV,Studio Ghibli
242,Cinelou Films,Revolver Entertainment
243,Novus,
244,Area 23a,
245,OTL Releasing,
246,101 Studios,
247,United Artists Releasing,
